ID,Timestamp,Encrypted Data
14,Wed Sep 24 14:10:56 2025,gAAAAABo066YAyxkgPOK9j-P8cgMzC3GnbagR40i3aAlTpO28gGp7D-JUvMmV2pUm1scoHi6K0jw1IrYGjxsB8yxEqLhIyiHZqYKEN4RjH2r1Au-O1OrrN9hQYRR6ikMaxHTs1t7KaR_LQjwD3pnz1JIO8fVmHhBCg==
13,Wed Sep 24 14:10:51 2025,gAAAAABo066TKlz1xq3AOuA680Zp7QRQjOqu1w9qZbhY_Vf0oV0ddXw8qmsltMfDunx006DFFXCZ7kiH7KzMnbFP5x0vIFO0FM4PtQiaIHjYJkD_v_Qw35Wm9VkOaXH3PYEgl9na18UXRujDL2cX5wKUHICxmUj8IA==
12,Wed Sep 24 14:10:49 2025,gAAAAABo066R_YOt9Sw4_28FywmySSBVBGwsoa73P7fpHLqDvieWBU9slC68XQ09l-Hul7H8_-CQ3-qOqARHQmok6gIjyUBWHZidLVYnBS22cQFXncF9kqzb6kw6w1pcPJ4h_UvILPrvEOFoQHRUIpLAYUmH1mugBA==
11,Wed Sep 24 14:10:47 2025,gAAAAABo066PGa5kXSzs4uVTN_ZhIVTUkQtAubV7hjL-nVPsu0z2YxssYFyU-E-d4PTKT1xc46YSpXwnWBgd5_4izxBysIlXYHg989lpQCA5zCFb8AyjwR9JeHUijUHOqvcrAkTWVjf_cKPBiFOa-cIzbjbEz7h6MA==
10,Wed Sep 24 14:10:34 2025,gAAAAABo066CgOQ9ao-fj8UQ9c9lofIbMlNlvwzq1vbquSCyYnICHUt9NKepWxmGMjK_La2WVzwwuwhzIpZUfUd3pYTTuq5reiITmsO88SzK5OB2v2cmLWnreoOtSs1uysNhd2nh0VDQgMRgpFceaZ-Gd7l8ioySWg==
9,Wed Sep 24 14:10:26 2025,gAAAAABo0656zd9gaJGaQmi6GOYBqIcBhpLkjttzrO8P69alowodYxsDqM50eT-uvlG7biPNdaHxpe2WRo5JwSgLKVItuZ3OZVDela7fV_3KnBT4mo-crmcKlAoxAM3aAtj9Yo2rNzrozG1_-TQ3V09kk-_rBIw1Cg==
8,Wed Sep 24 14:10:05 2025,gAAAAABo065lgFXk1w2j056zOlpwLpex7kFv200-i80PIqP13Bei6Ocq2-ZIyIQE55VoT8fXyUvqqCN8gE6Q2x2IEhoTeI5eVR7RhPQxj8MFY1HWwaUJJMX-Muxt9lyximdQTuyOB6noZJl-Szc2sJy-tgWUWKi6Rg==
7,Wed Sep 24 14:09:59 2025,gAAAAABo065fEmuvYMcKRD8mUiUKef-qHKgmJHv6xE_lCvq3OqMEh2dvMPRQYx9FQiyMScikD7KLk1T-MURWpEKJGVYPyZ0KfG8jMJdztP2vhmeo7A3fiR4x0sLBCF6EgS0uTF9w6jO2n3sLroJmm2Q7IBzuaDVBwg==
6,Wed Sep 24 14:06:32 2025,gAAAAABo062QT5cGFLpTdLIdR5Xruwd8yi66oJ_Its1OSlOBd2zA4ERgtEkp5wGlaj6AtGgIC3-FLnaI91SI8GracNYw0rGLXgo_PQ_A_yCL-iiEGV4u8Db15VsZVYLTKOG57998nWHJQfZfIyun3zWUiFxU7AUIkQ==
5,Wed Sep 24 14:06:27 2025,gAAAAABo062LvHhpgXJtxUITpsQP958pIUtXBjUJvcYdTnyuwW3zQdeRos0IvtQJV40xPWian0cc9F0PeTK0PJn1dhE02BX3EVMZnMGl2tATr5P3u1iVv8CXFeWqRlYAndj4X-OurvPsBPJth_Jn_5RT0V5JRGP_MA==
4,Wed Sep 24 14:05:53 2025,gAAAAABo061pFgoGXAVessxO4qO-ZFngCaFQ8lf159XyT1F75A9v9LSXIUC7IkoUDBgkWQFq_S6RvA8QTvsogZs6j6CphAgyPOAwClCa8vUl98YNgDJCyDnACAdm1w6kqVrvKcFlTI3IdrzJr4HHmylo1NFldc8lKw==
3,Wed Sep 24 14:05:45 2025,gAAAAABo061hSLON1eifuT4_xYycLwNyKNZYJLJXRG_i-EKGYxajFFBv5pH3tNfOOoWYB8zT55nncY7KqAmg45GxgDe1LGio1ZAWWL8dlc9qB-ABQsbvGJw1N9MF4K3nPg3PPdDHkJLIfhB3gmNGXjagy3imZRUPPg==
2,Wed Sep 24 14:04:38 2025,gAAAAABo060eg4fhjtyz4ydhuIZydv5NpsQUl9at2QqGVnXgJK8XZs4jj2KHxGNnGyOmJARYc96absvchK0PPAhVUV5viSJp69AjUFyt3FKPa5n9m_bSzvCUj63hEPWBA1C6MgoV_-NLGtMm1F2lGBMnpHHDyCfgvA==
1,Wed Sep 24 14:04:28 2025,gAAAAABo060UJggsG_fQ5X-vm7ojQPty6Q0SySMD6u8IbzPPNvoZDZr38a2gchQrA6GGNqIOHZbgbkCTcgP1fvlbmTvFzqQQWEzL0rR48nteH8nVj_ipkCPnXzZ9hhIUAdhBKJx0Zfn1dPsvtPqn0AN4xP6ValtspA==
